{"degree": [5, 6], "losses": [-218.02851899892858, -223.9741728874748], "A_list": [[[1.0000427310780602, -0.045374818176330364, 0.014157650578736919, -0.0022532665104095582, 0.00012221635855014514, 0.03957577733433869, -0.003149168848066904, 0.0007821510469724679, -0.00012359752028527553, 9.709346725363916e-06], [-0.045374818176330364, 0.08843774610728906, -0.04103350796467102, 0.007947836919558554, -0.0005500870346153797, 0.0012062644621747204, -1.2065506539170365e-05, 2.0748983140698767e-05, -7.936389211099144e-06, 1.215571743133637e-06], [0.014157650578736919, -0.04103350796467102, 0.023191669371817613, -0.005109496387061752, 0.00038923086865899533, 0.00016796029912387713, 0.0005707987985963164, -0.0002678027790747959, 5.851465910785092e-05, -4.9873067290342005e-06], [-0.0022532665104095582, 0.007947836919558554, -0.005109496387061752, 0.0012321556652216924, -0.00010022011316388015, -0.000181462513004403, -0.00019494408045000035, 9.682556286947173e-05, -2.1693694334515634e-05, 1.839331666630745e-06], [0.00012221635855014514, -0.0005500870346153797, 0.00038923086865899533, -0.00010022011316388015, 8.539835798284297e-06, 2.3589436204894295e-05, 1.677450584542566e-05, -8.910267944418131e-06, 2.072929891424177e-06, -1.7944533707911617e-07], [0.03957577733433869, 0.0012062644621747204, 0.00016796029912387713, -0.000181462513004403, 2.3589436204894295e-05, 1.0193727640380825, -0.042240821423821254, 0.012559044141417836, -0.0018959339092722593, 9.024865646287483e-05], [-0.003149168848066904, -1.2065506539170365e-05, 0.0005707987985963164, -0.00019494408045000035, 1.677450584542566e-05, -0.042240821423821254, 0.08298363295662028, -0.03827206933080225, 0.007394839472192397, -0.0005109673959670295], [0.0007821510469724679, 2.0748983140698767e-05, -0.0002678027790747959, 9.682556286947173e-05, -8.910267944418131e-06, 0.012559044141417836, -0.03827206933080225, 0.02162421571795069, -0.004748590890290792, 0.00036117522134131895], [-0.00012359752028527553, -7.936389211099144e-06, 5.851465910785092e-05, -2.1693694334515634e-05, 2.072929891424177e-06, -0.0018959339092722593, 0.007394839472192397, -0.004748590890290792, 0.0011402415146633275, -9.263241465156767e-05], [9.709346725363916e-06, 1.215571743133637e-06, -4.9873067290342005e-06, 1.839331666630745e-06, -1.7944533707911617e-07, 9.024865646287483e-05, -0.0005109673959670295, 0.00036117522134131895, -9.263241465156767e-05, 7.890599448513748e-06]], [[1.0034327693633016, -0.03704426307332782, 0.00873316519546904, -0.00021813571891049534, -0.0003082869699074656, 3.652927471525744e-05, 0.04624461729994669, -0.002688139796563684, 0.0001652023010276192, 0.00012546000463633297, -3.64586021721321e-05, 2.73136080333399e-06], [-0.03704426307332782, 0.0777843056517014, -0.0313007889125773, 0.00324252649052224, 0.0005043287018942707, -8.571701672830107e-05, 0.002423404312803697, -0.00029604568411321745, 0.0003115583873555143, -0.00011036892360630798, 1.1851042960594208e-05, -9.59748269218653e-08], [0.00873316519546904, -0.0313007889125773, 0.015893132862041175, -0.002443007417387745, -8.472193763367524e-05, 3.2744991340636015e-05, -0.00044761468601006943, 0.0007890962729872377, -0.00043767862026543303, 0.00010567320811898258, -8.235528202877451e-06, -1.462015987007034e-07], [-0.00021813571891049534, 0.00324252649052224, -0.002443007417387745, 0.0006757881422271501, -6.960425995635688e-05, 1.5180226829862208e-06, -7.197073998620773e-05, -0.00025729326839935696, 0.00015656008141839327, -4.063365078492664e-05, 4.022485452263759e-06, -5.961683878387258e-08], [-0.0003082869699074656, 0.0005043287018942707, -8.472193763367524e-05, -6.960425995635688e-05, 2.550674123590004e-05, -2.3301542123387578e-06, 2.9164784027637227e-05, 2.48712071935495e-05, -1.983374904288046e-05, 6.3447374248298134e-06, -8.722648097969414e-07, 3.962302973704738e-08], [3.652927471525744e-05, -8.571701672830107e-05, 3.2744991340636015e-05, 1.5180226829862208e-06, -2.3301542123387578e-06, 2.649736864104124e-07, -1.7351315140547671e-06, -2.0835922630174264e-07, 7.912515864929986e-07, -3.7162765588418415e-07, 6.943835006028716e-08, -4.571737184631129e-09], [0.04624461729994669, 0.002423404312803697, -0.00044761468601006943, -7.197073998620773e-05, 2.9164784027637227e-05, -1.7351315140547671e-06, 1.02254683426749, -0.0310215211605649, 0.007041051171764309, 5.192637171430852e-05, -0.000325333726180602, 3.568387945587781e-05], [-0.002688139796563684, -0.00029604568411321745, 0.0007890962729872377, -0.00025729326839935696, 2.48712071935495e-05, -2.0835922630174264e-07, -0.0310215211605649, 0.071730722516592, -0.028734163147585156, 0.002910704238150288, 0.00048357487306434886, -8.051436479621667e-05], [0.0001652023010276192, 0.0003115583873555143, -0.00043767862026543303, 0.00015656008141839327, -1.983374904288046e-05, 7.912515864929986e-07, 0.007041051171764309, -0.028734163147585156, 0.01468514332328011, -0.0022562259009697018, -7.960741217016052e-05, 3.040289396701171e-05], [0.00012546000463633297, -0.00011036892360630798, 0.00010567320811898258, -4.063365078492664e-05, 6.3447374248298134e-06, -3.7162765588418415e-07, 5.192637171430852e-05, 0.002910704238150288, -0.0022562259009697018, 0.000642231286501782, -6.945826337508327e-05, 1.8452019603258308e-06], [-3.64586021721321e-05, 1.1851042960594208e-05, -8.235528202877451e-06, 4.022485452263759e-06, -8.722648097969414e-07, 6.943835006028716e-08, -0.000325333726180602, 0.00048357487306434886, -7.960741217016052e-05, -6.945826337508327e-05, 2.5092180648581614e-05, -2.2843180044837295e-06], [2.73136080333399e-06, -9.59748269218653e-08, -1.462015987007034e-07, -5.961683878387258e-08, 3.962302973704738e-08, -4.571737184631129e-09, 3.568387945587781e-05, -8.051436479621667e-05, 3.040289396701171e-05, 1.8452019603258308e-06, -2.2843180044837295e-06, 2.561308739896616e-07]]], "B_list": [{"B_d_lon": [[0.00033800028714963445], [4.019233513634116e-08], [1.5804866537224236e-07]], "B_d_lat": [[0.0003364705597134263], [1.9869578660955692e-07], [1.0031961059896432e-07]]}, {"B_d_lon": [[0.00025977318902130467], [3.332640848520652e-07], [1.3981195009770373e-07]], "B_d_lat": [[0.00025458961080279284], [9.57569084257767e-08], [7.630418848688022e-08]]}], "bic_scores": [-98.71181733337012, -59.66920665949266], "best_bic": -98.71181733337012,