{"degree": [5, 6], "losses": [-172.8203701587857, -177.9501275622346], "A_list": [[[6.502511557908064, -0.12667162437821394, 0.02432295947250751, -0.0026710890343363113, 2.2309732230154734e-05, 0.6402244715554692, 0.003946237634031558, -0.0044952560492010725, 0.0005706314871938761, -3.729827414263692e-05], [-0.12667162437821394, 0.22431883267033897, -0.0938023059105793, 0.017070363260409102, -0.0011251027093345763, 0.02729551537763679, 0.00047210044490065693, 0.0008543361334814831, -0.00033451398658643536, 3.690183127411606e-05], [0.02432295947250751, -0.0938023059105793, 0.052720126000214036, -0.011421409637076321, 0.0008584790527245127, -0.01525181474009317, 0.00209652446496793, -0.0010104761007007023, 0.00025937883601198, -2.0939147731650237e-05], [-0.0026710890343363113, 0.017070363260409102, -0.011421409637076321, 0.002785099023357892, -0.00022793094353919303, 0.002887273841249279, -0.00047201505089313075, 0.00018449924306786195, -5.307223068582641e-05, 4.481275186978651e-06], [2.2309732230154734e-05, -0.0011251027093345763, 0.0008584790527245127, -0.00022793094353919303, 1.9779709970336988e-05, -0.00020932151915689184, 2.751233490751474e-05, -8.953195941367515e-06, 3.5147600892415663e-06, -3.3743499431305605e-07], [0.6402244715554692, 0.02729551537763679, -0.01525181474009317, 0.002887273841249279, -0.00020932151915689184, 7.801727777109475, -0.10860231374461359, 0.005958531196805231, 0.0011457966031075027, -0.00019735129838698465], [0.003946237634031558, 0.00047210044490065693, 0.00209652446496793, -0.00047201505089313075, 2.751233490751474e-05, -0.10860231374461359, 0.22667466605311212, -0.09606605662033854, 0.017606832477190956, -0.0011705861008436604], [-0.0044952560492010725, 0.0008543361334814831, -0.0010104761007007023, 0.00018449924306786195, -8.953195941367515e-06, 0.005958531196805231, -0.09606605662033854, 0.05421019565997832, -0.011601321189684153, 0.0008645528794483413], [0.0005706314871938761, -0.00033451398658643536, 0.00025937883601198, -5.307223068582641e-05, 3.5147600892415663e-06, 0.0011457966031075027, 0.017606832477190956, -0.011601321189684153, 0.002778508872572123, -0.00022507579580392705], [-3.729827414263692e-05, 3.690183127411606e-05, -2.0939147731650237e-05, 4.481275186978651e-06, -3.3743499431305605e-07, -0.00019735129838698465, -0.0011705861008436604, 0.0008645528794483413, -0.00022507579580392705, 1.9363735227315787e-05]], [[6.457515745505511, -0.09745032029645825, 0.012791037748606278, 0.00018737275004195592, -0.0005788360273470844, 5.482428514863737e-05, 0.641392060200189, 0.009411764095131846, -0.006231630725607723, 0.001177444625806572, -0.0001785720311170667, 1.6050036362537883e-05], [-0.09745032029645825, 0.2031161313763736, -0.0759613420116897, 0.007419751648062448, 0.0012659460220939597, -0.00020762433721953358, 0.037647162293170486, 0.0017779179785520748, 6.594318245470993e-05, -0.00042229077173312085, 0.00013733517633481734, -1.1748499261722916e-05], [0.012791037748606278, -0.0759613420116897, 0.0384829460454026, -0.005569920370662886, -0.0003056947814692004, 8.767782540208039e-05, -0.01748143315622212, 0.0010013419910054919, -0.0005166284296972629, 0.00028267969875151735, -6.527215713553376e-05, 4.994022448020354e-06], [0.00018737275004195592, 0.007419751648062448, -0.005569920370662886, 0.0014133684937529646, -0.00011214382049499535, -1.098872591708624e-06, 0.0016489161666596913, -0.00023968589087744105, 0.00015846994498555254, -8.295431427691552e-05, 1.7828952645418106e-05, -1.3233291520385567e-06], [-0.0005788360273470844, 0.0012659460220939597, -0.0003056947814692004, -0.00011214382049499535, 4.885339376970826e-05, -4.590478088949835e-06, 0.0003112552387025409, 1.8625600438210435e-05, -2.9753630361651445e-05, 1.2422282345213018e-05, -2.3134934917988492e-06, 1.6448009138345334e-07], [5.482428514863737e-05, -0.00020762433721953358, 8.767782540208039e-05, -1.098872591708624e-06, -4.590478088949835e-06, 5.584629735684718e-07, -5.025713740779394e-05, -1.0931198821910462e-06, 2.6633252550681067e-06, -7.326077722274127e-07, 9.634603696742355e-08, -6.07867639028914e-09], [0.641392060200189, 0.037647162293170486, -0.01748143315622212, 0.0016489161666596913, 0.0003112552387025409, -5.025713740779394e-05, 7.80689209701999, -0.0789930184945498, -0.005637022047566338, 0.0022270667051177244, -0.00013069187824063088, -9.073954038660965e-06], [0.009411764095131846, 0.0017779179785520748, 0.0010013419910054919, -0.00023968589087744105, 1.8625600438210435e-05, -1.0931198821910462e-06, -0.0789930184945498, 0.20454583461480427, -0.0762924572283267, 0.007255614210600731, 0.0012988070092403588, -0.00020924979482268684], [-0.006231630725607723, 6.594318245470993e-05, -0.0005166284296972629, 0.00015846994498555254, -2.9753630361651445e-05, 2.6633252550681067e-06, -0.005637022047566338, -0.0762924572283267, 0.038298457460989616, -0.005255782964182396, -0.00036313779836103064, 9.045551266580915e-05], [0.001177444625806572, -0.00042229077173312085, 0.00028267969875151735, -8.295431427691552e-05, 1.2422282345213018e-05, -7.326077722274127e-07, 0.0022270667051177244, 0.007255614210600731, -0.005255782964182396, 0.0012756696149385342, -9.023331470970724e-05, -2.2428844228491427e-06], [-0.0001785720311170667, 0.00013733517633481734, -6.527215713553376e-05, 1.7828952645418106e-05, -2.3134934917988492e-06, 9.634603696742355e-08, -0.00013069187824063088, 0.0012988070092403588, -0.00036313779836103064, -9.023331470970724e-05, 4.4619929807525524e-05, -4.289216893125188e-06], [1.6050036362537883e-05, -1.1748499261722916e-05, 4.994022448020354e-06, -1.3233291520385567e-06, 1.6448009138345334e-07, -6.07867639028914e-09, -9.073954038660965e-06, -0.00020924979482268684, 9.045551266580915e-05, -2.2428844228491427e-06, -4.289216893125188e-06, 5.316205319856088e-07]]], "B_list": [{"B_d_lon": [[0.0010399002041345238], [8.255707418213753e-09], [5.153292040900497e-07]], "B_d_lat": [[0.0005621376351820131], [1.6589047987077193e-06], [1.056238324960776e-07]]}, {"B_d_lon": [[0.0009019487824835262], [5.295067121673938e-09], [5.29762783965646e-07]], "B_d_lat": [[0.000423051398802291], [2.322129316114726e-07], [1.3717406895639352e-07]]}], "bic_scores": [-53.50366849322724, -13.645161334252464], "best_bic": -53.50366849322724,