{"train_loss": [6.0031125057954835, 2.150066443021481, 1.1402548160019865, 0.8997672295591491, 0.8259182386335596, 0.789177561534935, 0.7690230371169302, 0.7542239166726517, 0.7449306301553441, 0.7358610254361861, 0.7236345660058745, 0.7141537012999724, 0.7056574890506446, 0.6987081687794626, 0.6921805525612591, 0.6878398850897165, 0.6823553554451891, 0.6770311871357502, 0.674180661332167, 0.6711174730902929, 0.6676225167097571, 0.6638252348708201, 0.6606016380134754, 0.6588690144526801, 0.6545583731147703, 0.6519209784324176, 0.649769953140869, 0.6473515207490229, 0.6452135041744435, 0.6427685187611928, 0.6397373947513281, 0.6380743445272012, 0.6353404317323642, 0.6333833064740348, 0.6310232261933981, 0.6291858267477876, 0.6272141372450873, 0.6251121699717372, 0.6231619868940667, 0.6210583864907845, 0.6190201632701492, 0.6173016422069222, 0.6156617299857154, 0.6139716143712964, 0.6122261300346208, 0.6107607471455418, 0.6090568993961119, 0.6076663114106918, 0.6061591211540254, 0.6048585127741795, 0.6035625784791678, 0.6023549653850371, 0.6014471259703993, 0.6003304934301814, 0.5994612181305476, 0.598703981264256, 0.5978830441263233, 0.5974549666047164, 0.5969715829822738, 0.5964942228261719, 0.5960287656065144, 0.5957689595695581, 0.5956701753926069, 0.5957160376321745], "val_loss": [[8.30963188379457, 26.434916527514254, 9.139293839444928, 28.012323928754835], [2.8179710883812397, 12.12506663601284, 4.159688542122455, 15.81960679028954], [1.753821973670758, 5.546443762760501, 3.418758002184293, 10.063459170720773], [1.3776096017106858, 3.686527986114502, 2.9167584993038793, 8.052408450276259], [1.324396713322381, 3.020424939112867, 3.0403282844969497, 7.458788059418922], [1.2555941561170036, 2.8241035401703223, 2.9407420204720736, 7.448393216825619], [1.15379259045403, 2.519253111533488, 2.6566659681619083, 6.788835056401298], [1.170480800532438, 2.5653023103599413, 2.7836324342274206, 7.0419702735594445], [1.1407573288603454, 2.4526205320860845, 2.7661326560162105, 7.071878087358496], [1.0666151661839915, 2.2771353490401824, 2.6081091343402076, 6.7156661237709585], [1.0661170964281084, 2.2810868025315907, 2.649718807082139, 6.715223490341981], [1.034747912341772, 2.170482285715817, 2.4967826948713343, 6.420816085671969], [1.039631488069628, 2.1627009726957698, 2.546462887249469, 6.452103724264918], [0.9980339904604035, 2.0561089097219156, 2.447340903141906, 6.235216594820962], [1.0236076437541306, 2.105001591393908, 2.5716889002207326, 6.356940922674511], [1.0193473898579406, 2.0855999762128317, 2.557463922653913, 6.372816710274704], [0.9646915403438584, 1.9908523935864872, 2.3677185420819873, 6.043558814319972], [0.9726385771035541, 1.9944245878632774, 2.3834279164220527, 6.072762258908292], [0.9632586846262639, 1.9626714622924852, 2.3997109637039498, 6.071752293335166], [0.9564537419205755, 1.9641348240538725, 2.3854125003621784, 6.06276346397045], [0.969502701506061, 1.9781112174279196, 2.429297319613438, 6.093616513434543], [0.9305910696865687, 1.8940884033504004, 2.3236769102529555, 5.928391498485897], [0.9423325788447574, 1.9195442356171015, 2.3765784291757894, 5.985554237084681], [0.9234188197312825, 1.8701644163369944, 2.3173082036085266, 5.841471868871744], [0.9297277386495186, 1.911501097791036, 2.3191818139930453, 5.8844137185913326], [0.9287472759935007, 1.8963239868467012, 2.356239581170386, 5.950118448244249], [0.9182596803391077, 1.8890810754338068, 2.2931160513669404, 5.865637810584218], [0.903288439077775, 1.8492949254470759, 2.287335081480544, 5.868235119379882], [0.9228716282522751, 1.8648169854155061, 2.315713453906661, 5.826195366884076], [0.8969938969984208, 1.8176864564322057, 2.251089441058866, 5.713025991099017], [0.8976949874188264, 1.8304342215775455, 2.257402750945456, 5.7156750850122435], [0.8883897878725211, 1.7980262544377923, 2.220392698910184, 5.600903416712013], [0.8953660444925837, 1.8220769036499693, 2.259433301074894, 5.748261092804337], [0.9043082767611573, 1.8194803310859629, 2.254697745544199, 5.634302818334921], [0.8893701122068604, 1.8078475481976006, 2.2291222939284316, 5.616181081561234], [0.8812901735440954, 1.7660034801359021, 2.2120835110221964, 5.528126442994743], [0.8847404520778077, 1.7608761622566154, 2.215952204270114, 5.585067287496097], [0.8952687031216118, 1.8058732151604684, 2.2393369102444494, 5.612841903920132], [0.8698473264327677, 1.7613015552621738, 2.172070545826776, 5.490934055091108], [0.8868114696628102, 1.7656423539101171, 2.2597150563083406, 5.57568890845502], [0.8667529461225421, 1.7414812462716214, 2.1546393371612385, 5.422920714493507], [0.8540501242214359, 1.717820187709433, 2.1548191752283183, 5.418386111367897], [0.8648865307080345, 1.7296718818678294, 2.180440063342899, 5.448860076275594], [0.8524879976723102, 1.7142442139630738, 2.1368830538865446, 5.392288802618928], [0.8564802962558254, 1.7139229956990443, 2.146485127559085, 5.3929083890624385], [0.8548199823176552, 1.7272723584732481, 2.156309380831228, 5.443503663573292], [0.8534888192382403, 1.713342903308393, 2.1452184420728773, 5.380457201786126], [0.8450871127336789, 1.6962694241002392, 2.1188220947672805, 5.336695209654597], [0.8433209160041489, 1.6956864001279937, 2.137272104762031, 5.410399839303241], [0.8401498713412213, 1.6832091207299071, 2.1225043603747533, 5.34052413249241], [0.8411986452416407, 1.688793502196348, 2.127879540493393, 5.374904975041917], [0.8371417655715327, 1.6778366605514192, 2.1213789617084045, 5.355320120625498], [0.8347878565443778, 1.6702824107616587, 2.1087142156510894, 5.319068881984122], [0.8351744209768038, 1.6727681712336147, 2.111197558976212, 5.341098047752999], [0.8306384399188292, 1.6628205989030538, 2.099528242915217, 5.299290401504816], [0.8295023043382945, 1.6621616282639509, 2.1075449929045713, 5.335734305694136], [0.8301498078322461, 1.6620216581857548, 2.098174991598873, 5.309214994213294], [0.8285878164754056, 1.6617235997644, 2.0962241360953224, 5.295006046068], [0.8293487636568276, 1.6602275183533584, 2.0971603582799694, 5.304130725117024], [0.8268781584241376, 1.6531259898946928, 2.0915932647801427, 5.286448451744058], [0.8277244765493124, 1.6588162497260244, 2.093864423860557, 5.293748336226488], [0.8275283249788096, 1.6558544784059697, 2.093870186412821, 5.290914706567476], [0.827471373349791, 1.6556921511767815, 2.0946613851398928, 5.295189545850187], [0.827199202488998, 1.6552726386539784, 2.0946111840916686, 5.294766152745849]]}