{"degree": [5, 6], "losses": [-124.03745592252757, -140.34807074967406], "A_list": [[[39.43851275854786, -0.3491200318715831, 0.051439159619515444, -0.012960459781437823, 0.00059065675076659, 1.6953666664079945, 0.01598092302339931, 0.0002610502062289533, 0.0002521965786455225, -5.0731595738479373e-05], [-0.3491200318715831, 1.2927863238346078, -0.5848150372788401, 0.11914473027754781, -0.008810750189761745, -0.05783382834562913, 0.03735275948810423, -0.013999071190973099, 0.002919383759346988, -0.00023258716277594791], [0.051439159619515444, -0.5848150372788401, 0.32951101995839127, -0.0729436823072717, 0.005648955457112775, 0.00779419717728073, -0.016411351016689814, 0.007644275701492612, -0.0015737691603934386, 0.0001224031077135245], [-0.012960459781437823, 0.11914473027754781, -0.0729436823072717, 0.017152067019284043, -0.0013834112762071116, -0.0004865217277635701, 0.0031250665219452124, -0.001698527066622056, 0.00038410521159370267, -3.043895881299127e-05], [0.00059065675076659, -0.008810750189761745, 0.005648955457112775, -0.0013834112762071116, 0.00011498817573018159, 2.268129797847313e-05, -0.0002161616959781428, 0.00013033619039717328, -3.210531380690593e-05, 2.6147441324012257e-06], [1.6953666664079945, -0.05783382834562913, 0.00779419717728073, -0.0004865217277635701, 2.268129797847313e-05, 30.252783344481124, -0.39887051427112835, 0.07571239848966493, -0.0190826172170563, 0.0012085858380543797], [0.01598092302339931, 0.03735275948810423, -0.016411351016689814, 0.0031250665219452124, -0.0002161616959781428, -0.39887051427112835, 1.1740246242402734, -0.5341941656421725, 0.10909346290912426, -0.008093964093241684], [0.0002610502062289533, -0.013999071190973099, 0.007644275701492612, -0.001698527066622056, 0.00013033619039717328, 0.07571239848966493, -0.5341941656421725, 0.3035258657777006, -0.06728716849248029, 0.005216704917302433], [0.0002521965786455225, 0.002919383759346988, -0.0015737691603934386, 0.00038410521159370267, -3.210531380690593e-05, -0.0190826172170563, 0.10909346290912426, -0.06728716849248029, 0.015832489538610814, -0.0012774065802445746], [-5.0731595738479373e-05, -0.00023258716277594791, 0.0001224031077135245, -3.043895881299127e-05, 2.6147441324012257e-06, 0.0012085858380543797, -0.008093964093241684, 0.005216704917302433, -0.0012774065802445746, 0.00010618116446780413]], [[39.344485403696254, -0.32902703505397773, 0.058803529447617846, -0.020818841566791046, 0.0024859282576365368, -0.00012895663160764428, 1.7943769481406746, 0.04245837140905244, -0.009754711205920058, 0.001712664104941225, -7.867629952193825e-05, -1.4337595460454065e-05], [-0.32902703505397773, 1.2863693082551788, -0.5917579554720019, 0.12082151202223641, -0.008532959383815035, -7.218880714263798e-05, -0.024779918079446343, 0.030205021671355053, -0.0085690744689247, 0.0006491823949252434, 0.0001783835867194255, -2.6421137948421888e-05], [0.058803529447617846, -0.5917579554720019, 0.3734323051261746, -0.0994939943283703, 0.011537340347279431, -0.00044380722369476237, -0.0016018461599500075, -0.010492932051467925, 0.004069058089723199, -0.0004525145138546665, -3.770645177753355e-05, 8.496130927789424e-06], [-0.020818841566791046, 0.12082151202223641, -0.0994939943283703, 0.034789341906040744, -0.0055236509566075846, 0.0003271304515570484, 0.0017900067130684062, 0.0006334726189915723, -0.0005444063475189085, 0.00016612087174772703, -2.692947460191731e-05, 1.5626903254602674e-06], [0.0024859282576365368, -0.008532959383815035, 0.011537340347279431, -0.0055236509566075846, 0.0011096274803737375, -7.979655092452974e-05, -0.00027575425728356844, 0.00027186085969112207, -5.605183877697897e-05, -2.4491091887989696e-05, 1.0619393447768033e-05, -1.000935981642654e-06], [-0.00012895663160764428, -7.218880714263798e-05, -0.00044380722369476237, 0.0003271304515570484, -7.979655092452974e-05, 6.455800118279096e-06, 3.62618639695612e-06, -3.594193063867655e-05, 1.180248368080406e-05, 1.2613405912848848e-06, -1.0225746384001653e-06, 1.0795841303359024e-07], [1.7943769481406746, -0.024779918079446343, -0.0016018461599500075, 0.0017900067130684062, -0.00027575425728356844, 3.62618639695612e-06, 30.119913224019378, -0.3532985051526038, 0.05669027618706912, -0.016565590521651158, 0.0010936440032985606, 1.3444184807559706e-05], [0.04245837140905244, 0.030205021671355053, -0.010492932051467925, 0.0006334726189915723, 0.00027186085969112207, -3.594193063867655e-05, -0.3532985051526038, 1.1591634171909424, -0.5411928216391603, 0.11341622807278912, -0.008626392100527359, 3.0904665971789435e-06], [-0.009754711205920058, -0.0085690744689247, 0.004069058089723199, -0.0005444063475189085, -5.605183877697897e-05, 1.180248368080406e-05, 0.05669027618706912, -0.5411928216391603, 0.34923881559444125, -0.09546093364932934, 0.01148904002272939, -0.00047608391528441415], [0.001712664104941225, 0.0006491823949252434, -0.0004525145138546665, 0.00016612087174772703, -2.4491091887989696e-05, 1.2613405912848848e-06, -0.016565590521651158, 0.11341622807278912, -0.09546093364932934, 0.03392454642508306, -0.005456984016038317, 0.0003276398759354538], [-7.867629952193825e-05, 0.0001783835867194255, -3.770645177753355e-05, -2.692947460191731e-05, 1.0619393447768033e-05, -1.0225746384001653e-06, 0.0010936440032985606, -0.008626392100527359, 0.01148904002272939, -0.005456984016038317, 0.0010895332426231565, -7.801440423394952e-05], [-1.4337595460454065e-05, -2.6421137948421888e-05, 8.496130927789424e-06, 1.5626903254602674e-06, -1.000935981642654e-06, 1.0795841303359024e-07, 1.3444184807559706e-05, 3.0904665971789435e-06, -0.00047608391528441415, 0.0003276398759354538, -7.801440423394952e-05, 6.228303545052407e-06]]], "B_list": [{"B_d_lon": [[0.006711075362735611], [9.811653680321815e-08], [2.152414733897119e-06]], "B_d_lat": [[0.00019849536283934763], [7.54387665918423e-09], [2.578566117802244e-07]]}, {"B_d_lon": [[0.004348945629622205], [9.98294359729459e-08], [1.8405648923934255e-06]], "B_d_lat": [[0.00010189545833931924], [4.00132001331562e-10], [1.5547265318501774e-07]]}], "bic_scores": [-4.720754256969116, 23.95689547830807], "best_bic": -4.720754256969116,