{"train_loss": [6.193375680362424, 2.2598559700315968, 1.1181453925932057, 0.9011820338460438, 0.8345987988566257, 0.7999360121691776, 0.7729997918033804, 0.7588271739336632, 0.7474187251108689, 0.7378899330209566, 0.7269919001387931, 0.7158258674551022, 0.7068592223379352, 0.7008431853930126, 0.693534572884926, 0.6889465867998805, 0.6834925802132211, 0.6791400699900918, 0.6751900377132779, 0.6718105650660158, 0.668565122835424, 0.6648195127759436, 0.6621443087484049, 0.6588486359765429, 0.6562777085708423, 0.6533518293168056, 0.6502650684536012, 0.6482192511806768, 0.6454949418632804, 0.6431744565447111, 0.6410525768267706, 0.6386888301231494, 0.6365349238483301, 0.6338363165860635, 0.6320580142688037, 0.6303422610123263, 0.6279105478867666, 0.6258598171430595, 0.6240643149194988, 0.6223315493997057, 0.6202410726337442, 0.6186242941704495, 0.6166249478525003, 0.6151196457323505, 0.6134003427883254, 0.6118590779926064, 0.610363222681923, 0.6088300852703958, 0.6073639132159854, 0.6061453512896314, 0.6046496492888839, 0.6038619366105535, 0.6029177268269229, 0.6017336308357839, 0.6008782560948873, 0.5999599658273297, 0.5993879427993607, 0.5987846134931938, 0.5982402168742561, 0.5979650483317456, 0.5975406804661233, 0.5971561089223235, 0.5969795573388972, 0.5971427801850717], "val_loss": [[8.783885453828473, 25.78552773876318, 9.88005016509991, 27.599900791256626], [2.7519790821475225, 10.765575998906423, 4.064273308498752, 14.107979668859507], [1.8334002331509038, 5.511909721424033, 3.6174052051805545, 9.75357904635652], [1.443580862279238, 3.7517390163653586, 3.0576051090240424, 8.045659305160001], [1.2964590544809271, 3.072881573807597, 2.813586241615604, 7.313350761321552], [1.2229317687238657, 2.7995058087358484, 2.6945411602169744, 7.064647085189426], [1.1774341883468658, 2.695217436505426, 2.6712909655808037, 6.884309730417263], [1.2078047306957904, 2.6385186278698707, 2.9286989089269513, 7.2401410402646365], [1.1146190460425864, 2.4553754940040524, 2.6039160022647483, 6.674059681567311], [1.0883756731951904, 2.321390350149789, 2.530290346981455, 6.45423786684683], [1.074493220620481, 2.2968605525451453, 2.5702860586521283, 6.552100769978277], [1.0592894472310113, 2.295238820882155, 2.5405465069288304, 6.476078443763895], [1.0688243129657993, 2.259640265619044, 2.561046482909156, 6.44607704380369], [1.0289285781556186, 2.159324247635709, 2.4989333494028076, 6.323396010382779], [0.993133662460682, 2.0819011646372902, 2.4063514211152457, 6.150655426175129], [0.9959560635870343, 2.0900911539361036, 2.4178402207101954, 6.140638885952857], [1.0053423146969158, 2.101469790663569, 2.4420753898239775, 6.179246840507156], [0.9924040260619292, 2.0798267084298447, 2.44233672489044, 6.154316114788551], [1.0007245783796976, 2.0566948921534824, 2.4580183509723432, 6.164499949458366], [0.9675839248684451, 2.0535683374722598, 2.374419251920399, 6.045961377624918], [0.9885534392379163, 2.0601679948094844, 2.395867174573946, 6.104239195071776], [0.9495872682255124, 1.9615678996577337, 2.339224048962113, 5.905521648308041], [0.9648167660162956, 1.98975213956672, 2.4150662916676953, 6.089123105182325], [0.9492923078244372, 1.9744670379095755, 2.3473833446163734, 5.974107774059001], [0.9448112184663313, 1.9795657232632444, 2.3258835719175934, 5.946380039081301], [0.9588294480982819, 1.9736805718721868, 2.354151467676018, 5.9296069360283825], [0.9268503134101124, 1.912306732234918, 2.27398988510123, 5.738539664992117], [0.9260087537251342, 1.9148223525318149, 2.2903788540652963, 5.843970719985586], [0.9324013805613312, 1.9522973075994126, 2.3182706170204557, 5.903508163042305], [0.9262292517193965, 1.9132525714671538, 2.2858686007839606, 5.791625746350456], [0.909636782616948, 1.877251294869268, 2.261234468006788, 5.730970356867793], [0.9061645591506946, 1.8520214964005275, 2.2307450184924784, 5.61793270252982], [0.9021384118662535, 1.8748834722389962, 2.2490509468912157, 5.711265296809889], [0.9276160364406687, 1.895039263839555, 2.3469441232876576, 5.875624172717714], [0.8968041857779048, 1.8524164206516305, 2.2155495521744393, 5.6138645488108665], [0.8912126973256356, 1.8364821596384364, 2.2218102147534995, 5.616187606156436], [0.8961847141717187, 1.8594056217885295, 2.215162503211003, 5.619477583759203], [0.8900766650652207, 1.80985269877402, 2.1937035239031486, 5.5211353866383694], [0.8793920591654769, 1.8136864653815714, 2.1832550698405644, 5.531308460937605], [0.8811757311483822, 1.8107170998072526, 2.1885764869248563, 5.5449465470176635], [0.879610829122572, 1.806686311051574, 2.195225378115566, 5.549808141458694], [0.8830287299256626, 1.7966177632781166, 2.2313579648897517, 5.6127788679570125], [0.8688073345301283, 1.7619787149260626, 2.1410967434457806, 5.387824697745234], [0.8620794885050737, 1.7618081917684891, 2.1469787440515447, 5.424813590788912], [0.8604854826193885, 1.7520460418746127, 2.145156849419634, 5.409278803807215], [0.8733551835037556, 1.7596631166571055, 2.15799246238309, 5.4155792829917875], [0.860958604296698, 1.768879633899314, 2.146136521693327, 5.3988027449669715], [0.8579602127344664, 1.7428808858713651, 2.1361018741674593, 5.378680988504808], [0.8607363721692768, 1.7514932247954027, 2.1335997976459296, 5.390575822988279], [0.8547574552671254, 1.7392524539815684, 2.1267791681338832, 5.353733627844186], [0.8515572624666747, 1.7226610847547497, 2.11358274350824, 5.3151528102291845], [0.8471198424196622, 1.720160948721811, 2.106286670186233, 5.288670233791399], [0.8491506980928017, 1.7293611021124193, 2.1108434506322413, 5.314061978012167], [0.8462797765510206, 1.715726672593135, 2.1065797807591986, 5.308246031471738], [0.8459619903692248, 1.7155173218599897, 2.103036737430956, 5.2812814499465315], [0.8439480968367553, 1.7099316215635496, 2.104782673935447, 5.290501168433994], [0.8429163589910761, 1.707366709810404, 2.1004398719247597, 5.283796395721971], [0.8410146942169446, 1.6993461710305335, 2.0941769178449086, 5.269134383200196], [0.8411280325602695, 1.6997862654358933, 2.096029948850385, 5.268986335813829], [0.8403143749477783, 1.7022583117708017, 2.0950696285089427, 5.273731391607087], [0.841056319733322, 1.7035837606276238, 2.0979355188835966, 5.280233146384718], [0.8393304533821155, 1.6980272226312414, 2.094825734633752, 5.2738371769309245], [0.8389267076174315, 1.6971772732620463, 2.094116262921719, 5.271171104771854], [0.8388069374167603, 1.6974462338659826, 2.0949921424306295, 5.27474576312561]]}